{
	"pages": [ //pages数组中第一项表示应用启动页，参考：https://uniapp.dcloud.io/collocation/pages
		// {
		// 	"path": "pages/index/index",
		// 	"style": {
		// 		"navigationBarTitleText": "首页"

		// 		}
				
		// 	},
			{
				"path" : "pages/index/index1/index1",
				"style" : 
				{
					"navigationBarTitleText" : "图片上传"

				}
			},
			{
				"path" : "pages/lianxi/lianxi",
				"style" : 
				{
					"navigationBarTitleText" : "练习"
				}
			},
			{
				"path" : "pages/index/check/check",
				"style" : 
				{
					"navigationBarTitleText" : "审核"
				}
			},
			{
				"path" : "pages/index/check-zhong/check-zhong",
				"style" : 
				{
					"navigationBarTitleText" : "项目审核"
				}
			},			
			{
				"path" : "pages/index/check-zhong/up",
				"style" : 
				{
					"navigationBarTitleText" : "项目审核"
				}
			},
			{
				"path" : "pages/index/check-zhong/inspect",
				"style" : 
				{
					"navigationBarTitleText" : "项目审核"
				}
			}

	],
	"globalStyle": {
		"navigationBarTextStyle": "black",
		"navigationBarTitleText": "首页",
		"navigationBarBackgroundColor": "#e6e6e6",
		"backgroundColor": "#F8F8F8"

	},
	"uniIdRouter": {}
}
